<?xml version="1.0" encoding="UTF-8" ?>
<!DOCTYPE configuration
  PUBLIC "-//mybatis.org//DTD Config 3.0//EN"
  "http://mybatis.org/dtd/mybatis-3-config.dtd">
<configuration>
	<settings>
		<setting name="mapUnderscoreToCamelCase" value="false"/>
	</settings>
	
	<typeAliases>
		<!-- Domain에 별칭 부여 VO간략히 사용 -->
		<typeAlias type="com.sist.ehr.board.domain.BoardVO" alias="BoardVO"/>
		<typeAlias type="com.sist.ehr.member.domain.User" alias="User"/>
		<typeAlias type="com.sist.ehr.cmn.Search" alias="Search"/>
		<typeAlias type="com.sist.ehr.code.domain.Code" alias="Code"/>
	</typeAliases>
</configuration>