<?xml version="1.0" encoding="UTF-8"?>
<!DOCTYPE mapper PUBLIC "-//mybatis.org//DTD Mapper 3.0//EN" "http://mybatis.org/dtd/mybatis-3-mapper.dtd">
<mapper namespace="com.sist.ehr.board">

	<sql id="searchCondition">
		<choose>
			 	<when test=" '10' == searchDiv ">
			 	   AND title like #{searchWord} ||'%' 
			 	</when>
			 	<when test=" '20' == searchDiv ">
			 	   AND contents like #{searchWord} ||'%' 
			 	</when>	
			 	<when test=" '30' == searchDiv ">
			 	   AND reg_id like #{searchWord} ||'%' 
			 	</when>		
			 	<when test=" '40' == searchDiv ">
			 	   AND ( title like   #{searchWord} ||'%'  OR contents like  #{searchWord} ||'%'   ) 
			 	</when>				 			 			 	
		</choose>
	</sql>


	<select id="doRetrieve" parameterType="Search" resultType="com.sist.ehr.board.domain.BoardVO" >
		SELECT a.seq ,
		       a.rnum     as num,
			   a.title,
			   a.read_cnt as readCnt,
			   a.div,                                                          
		       CASE WHEN TO_CHAR(SYSDATE,'YYYY/MM/DD')=TO_CHAR(a.mod_dt,'YYYY/MM/DD')  THEN TO_CHAR(a.mod_dt,'HH24:MI')
		           ELSE TO_CHAR(a.mod_dt,'YYYY/MM/DD')                                                                
		       END modDt ,                                                                                            
		       a.mod_id   as modId  ,
			   b.cnt totalCnt                                                                              
		FROM (                                                                                                        
				SELECT TT1.*                                                                                          
				FROM (                                                                                                
						SELECT rownum rnum,T1.*                                                                       
						FROM (                                                                                        
								SELECT *                                                                              
								FROM board                                                                            
								WHERE seq>0                                                                           
								AND  div = #{boardDiv}                                                                          
								--검색조건
								<include refid="searchCondition"/>
		 						ORDER BY mod_dt DESC                                                                   						
		 				)T1                                                                                            
		 		) TT1                                                                                                  
		 		WHERE rnum BETWEEN #{pageSize} * (#{pageNum}-1)+1 AND #{pageSize} * (#{pageNum}-1)+#{pageSize}              
		 )A CROSS JOIN (                                                                                                
		 --총건수                                                                                                         
		 SELECT COUNT(*) CNT                                                                                            
		 FROM board                                                                                                     
		 WHERE seq>0          
		 --검색
		 <include refid="searchCondition"/>
		 AND  div = #{boardDiv}  
		 )B 	
	
	</select>


	<delete id="doDelete" parameterType="BoardVO">
		DELETE FROM board
		WHERE seq = #{seq}
	</delete>

	<insert id="doInsert" parameterType="BoardVO">
		 INSERT INTO BOARD (
		 	seq,          
		 	title,        
		 	contents,     
		 	div,          
		 	reg_id,       
		 	mod_id          
		 )VALUES (         
		 	BOARD_SEQ.NEXTVAL,            
		 	#{title},            
		 	#{contents},            
		 	#{div},            
		 	#{regId},            
		 	#{modId}                 
		 )
	</insert>

	<select id="doSelectOne" parameterType="BoardVO" 
	     resultType="BoardVO">
		 SELECT seq,                                          
		        title,                                        
		        contents,                                     
		        read_cnt as readCnt,                                     
		        div,                                          
		        reg_id   as regId ,                                       
		        reg_dt   as regDt ,                                    
		        mod_id   as modId ,                                       
		        TO_CHAR(mod_dt,'YYYY-MM-DD HH24:MI:SS') as modDt
		 FROM board                                           
		 WHERE seq = #{seq}
	</select>

    <update id="doUpdate" parameterType="BoardVO">
		 UPDATE board           
		 SET title    = #{title},         
		     contents = #{contents},      
		     mod_id   = #{modId},        
		     mod_dt   = SYSDATE,  
		     div      = #{div}            
		 WHERE seq = #{seq}
    </update>


	<update id="doReadCnt" parameterType="BoardVO">
		 UPDATE board                  
		 SET read_cnt=NVL(read_cnt,0)+1
		 WHERE seq = #{seq}
	</update>




















</mapper>