<?xml version="1.0" encoding="UTF-8"?>
<!DOCTYPE mapper PUBLIC "-//mybatis.org//DTD Mapper 3.0//EN" "http://mybatis.org/dtd/mybatis-3-mapper.dtd">
<mapper namespace="com.sist.ehr.member">
    <!-- https://mybatis.org/mybatis-3/ko/sqlmap-xml.html -->
    <!--id PK property=VO pk 속성 column=테이블 컬럼  -->
	<resultMap type="User" id="userResult">
	   <id  property="uId" column="u_id"/>
	   <result property="name" column="name"/>
	   <result property="passwd" column="passwd"/>
	   <result property="intLevel" column="u_level"/>
	   <result property="login" column="login"/>
	   <result property="recommend" column="recommend"/>
	   <result property="email" column="email"/>
	   <result property="regDt" column="reg_dt"/>
	</resultMap>

    <select id="doRetrieve" parameterType="Search" resultType="User">
    	
    
    </select>

    <update id="doUpdate" parameterType="User">
		 UPDATE hr_member  
		 SET               
		    name      = #{name},
		 	passwd    = #{passwd},
		 	u_level   = #{intLevel},
		 	login     = #{login},
		 	recommend = #{recommend},
		 	email     = #{email},
		 	reg_dt    = SYSDATE
		 WHERE u_id =  #{uId}            
    </update>
    
	<select id="count" parameterType="User" resultType="int">
		SELECT COUNT(*) cnt
		FROM hr_member 
		WHERE U_ID LIKE #{uId} ||'%'
	</select>
	
    <!-- 부등호 사용: -->
    <!--부등호를 쓸때,문자 그래도 해석이 필요한 경우 사용. <![CDATA[ ]]> -->
	<!-- doSelectOne: u_id oracle 키워드로 사용 불가( u_id AS "uId" )  -->
	<select id="doSelectOne" parameterType="User" resultMap="userResult">
	    <![CDATA[
		SELECT u_id,
			 name,
			 passwd,
			 u_level,
			 login,
			 recommend,       
			 email,
			 TO_CHAR(reg_dt,'YYYY/MM/DD HH24MISS') reg_dt     
		FROM hr_member        
		WHERE u_id = #{uId}
		]]>
	</select>

	<!-- delete -->
	<delete id="doDelete" parameterType="User">
		DELETE FROM hr_member 
		WHERE  u_id = #{uId}  	
	</delete>
	
	<!-- insert -->
	<insert id="doInsert" parameterType="User">
		 INSERT INTO hr_member ( 
		     u_id,               
		     name,               
		     passwd,             		
		     u_level,            
		     login,              
		     recommend,          
		     email,              
		     reg_dt              
		 ) VALUES (              
		     #{uId},                  
		     #{name},                  
		     #{passwd},                  
		     #{intLevel},                  
		     #{login},                  
		     #{recommend},                  
		     #{email},                  
		     SYSDATE             
		 )	
	</insert>
	
</mapper>