<?xml version="1.0" encoding="UTF-8"?>
<beans xmlns="http://www.springframework.org/schema/beans"
	xmlns:xsi="http://www.w3.org/2001/XMLSchema-instance"
	xmlns:context="http://www.springframework.org/schema/context"
	xmlns:lang="http://www.springframework.org/schema/lang"
	xmlns:aop="http://www.springframework.org/schema/aop"
	xmlns:tx="http://www.springframework.org/schema/tx"
	xsi:schemaLocation="http://www.springframework.org/schema/beans http://www.springframework.org/schema/beans/spring-beans.xsd
		http://www.springframework.org/schema/context http://www.springframework.org/schema/context/spring-context-4.3.xsd
		http://www.springframework.org/schema/lang http://www.springframework.org/schema/lang/spring-lang-4.3.xsd
		http://www.springframework.org/schema/aop http://www.springframework.org/schema/aop/spring-aop-4.3.xsd
		http://www.springframework.org/schema/tx http://www.springframework.org/schema/tx/spring-tx-4.3.xsd">
	
	<!-- Root Context: defines shared resources visible to all other web components -->
	<!-- sqlSessionTemplate -->
	<bean id="sqlSessionTemplate" class="org.mybatis.spring.SqlSessionTemplate">
		<constructor-arg index="0" ref="sqlSessionFactoryBean"/>
	</bean>
	<!-- mybatis config -->
	<bean id="sqlSessionFactoryBean"  class="org.mybatis.spring.SqlSessionFactoryBean">
		<property name="configLocation" value="classpath:mybatis-config.xml"></property>
		<property name="mapperLocations"  value="classpath:mapper/**/*.xml"></property>
		<property name="dataSource" ref="dataSource"></property>
	</bean>



<!-- aspectj Transaction처리  -->		
	<!--PlatformTransactionManager구현 클래스 : DataSourceTransactionManager -->
	<bean id="transactionManager" class="org.springframework.jdbc.datasource.DataSourceTransactionManager">
		<property name="dataSource" ref="dataSource"/>
	</bean>
	 
	<!-- 트랜잭션 advice 
	  tx:method 
	    name: 트랜잭션이 적용될 메소드 이름
	    read-only: 읽기전용 지정여부
	    rollback-for: 트랜잭션을 롤백할 예외 지정.
	    no-rollback-for: 트랜잭션을 롤백 하지 않을 예외 지정.
	-->
	<tx:advice id="txAdvice" transaction-manager="transactionManager">
		<tx:attributes>
			<!-- do로 시작하는 모든 메소드는 read-only=true 트랜잭션관리 대상에서 제외 -->
			<tx:method name="do*" read-only="true"  />
			<!-- up로 시작하는 모든 메소드는 read-only=fasle 트랜잭션관리 대상 -->
			<tx:method name="up*" read-only="false"/>
		</tx:attributes>	
	</tx:advice>
	
	<!-- 트랜잭션 advisor -->
	<aop:config>
	    <aop:pointcut expression="execution(* com.sist.ehr..*ServiceImpl.*(..))" id="txPointcut"/>
		<aop:advisor advice-ref="txAdvice" pointcut-ref="txPointcut" />
	</aop:config>
	
	<!--// aspectj Transaction처리  -->
	
	
	
	
		
	<!-- email set -->	
	<!--1. PasswordAuthentication -->
	<bean id="passwordAuth" class="javax.mail.PasswordAuthentication">
		<constructor-arg index="0">
			<value>jamesol@naver.com</value>
		</constructor-arg>
		<constructor-arg index="1">
			<value>비번</value>
		</constructor-arg>
	</bean>	
		
	<!--2. Authenticator: javax.mail와 연결 -->
	<bean id="authenticator" class="javax.mail.Authenticator">
		<lookup-method name="getPasswordAuthentication" 
		   bean="passwordAuth"
		 />
	</bean>
	
	<!--3. Session: Authenticator+PasswordAuthentication -->
	<!-- private Session(Properties props, Authenticator authenticator) { -->
	<bean id="emailSession" class="javax.mail.Session">
		<constructor-arg index="0">
			<props>
				<prop key="mail.smtp.host">smtp.naver.com</prop>
				<prop key="mail.smtp.port">465</prop>
				<prop key="mail.smtp.auth">true</prop>
				
				<prop key="mail.smtp.ssl.enable">true</prop>
				<prop key="mail.smtp.ssl.trust">smtp.naver.com</prop>
			</props>
		</constructor-arg>
		<constructor-arg index="1" ref="authenticator"/>
	</bean>	
		
		
	<!--4. JavaMailSenderImpl: 전송가능한 mail설정 -->	
<!-- 	<bean id="mailSenderImpl" class="org.springframework.mail.javamail.JavaMailSenderImpl">
		<property name="session" ref="emailSession"/>
	
	</bean> -->
	
	<!-- 5. DummyMailSender(implement MailSender): 메일 전송이 되지 않는 mail설정 -->
	<bean id="dummyMailSender" class="com.sist.ehr.member.service.DummyMailSender">
	
	</bean>
	
	<!--// email set -->	
			
    <!-- UserService 객체 생성 -->
	<bean id="userService" class="com.sist.ehr.member.service.UserServiceImpl">
		<!-- setter DI 
		    ref: setter Parameter
		-->
		<property name="mailSender" ref="dummyMailSender"/>
		<property name="userDao"    ref="userDao"/>
		<!-- mail전송됨 -->
		<!-- <property name="mailSender" ref="mailSenderImpl"/> -->
		<!-- mail전송 않됨 -->		
	</bean>
	

	<!-- database.properties파일 read -->
    <context:property-placeholder
     location="classpath:/resources/config/database.properties"
    />
    		
 	<!-- DataSource구형 class  SimpleDriverDataSource-->
 	<bean id="dataSource" class="org.apache.commons.dbcp.BasicDataSource">
 		<property name="driverClassName" value="${jdbc.driverClass}"/>
 		<property name="url"             value="${jdbc.url}"/>
 		<property name="username"        value="${jdbc.username}"/>
 		<property name="password"        value="${jdbc.password}"/>
 		<!-- 최대 접속 허용 갯수 -->
 		<property name="maxActive" value="${jdbc.maxActive}" />
 		<!-- 여분으로 남겨질 Connection -->
 		<property name="maxIdle" value="${jdbc.maxIdle}"/>
 		<!-- DB연결 대기 시간 -->
 		<property name="maxWait" value="${jdbc.maxWait}" />
 		<!-- Connection 잘못 관리되어 버려진 연결 찾아 재활용 -->
 		<property name="removeAbandoned" value="${jdbc.removeAbandoned}"/>
 		<!-- 버려진 연결로 인식할 기본 시간 -->
 		<property name="removeAbandonedTimeout" value="${jdbc.removeAbandonedTimeout}"/>
 	</bean>
 	

    
	<bean id="userDao" class="com.sist.ehr.member.dao.UserDaoImpl">
		<!-- setter통한 주입: name -->
		<!-- ref:param -->
		<property name="dataSource" ref="dataSource"/>
	</bean>
	
	<!-- DAO성능 측정 -->
	<!-- 성능측정 Advice -->
	<bean id="performanceAdivce" class="com.sist.ehr.cmn.PerformanceAdivce"/>
	<aop:config>
		<aop:pointcut expression="execution(* com.sist.ehr..*Impl.do*(..))" id="performancePointcut"/>
		<aop:aspect ref="performanceAdivce">
			<aop:around method="performanceLog" pointcut-ref="performancePointcut"/>
		</aop:aspect>
	</aop:config>

</beans>

