9,게시15,내용15,2,2021/01/08 15:30:28,james07
3,게시03,내용03,3,2021/01/08 15:30:28,james06
202101190341569b58694f44fc4d97a1289e6b81873d72,12345_9999,내용00_999,2,2021/01/19 03:41:33,이상무
4,게시10,내용10,1,2021/01/07 15:30:24,james07
20210119041347edd0f704614f4a1a841c648bb99a31a7,99999,777777,1,2021/01/19 04:13:36,dsfasdfa
5,게시11,내용11,2,2021/01/08 15:30:28,james07
2021011903341758911f693bcc4e899613178d54b2cfd7,제목99,내용,1,2021/01/19 03:33:48,ja
20210119041731e134b59488174a7d8c7177359c5fd3ce,9999,777777,2,2021/01/19 04:17:24,asdfasdf
20210119043103d08a7254ad7f4c12902fc2edf98934ab,afdas,sfa211123323,5,2021/01/20 15:33:15,asdfd
202101190429322a3c00d20d3f43528a72f7e168f5d2e8,adfs,asdf,3,2021/01/19 04:29:28,asdf
2021011904223760d643626ac541a487fea1d7e891a95b,99,2,2,2021/01/19 04:22:30,1
6,게시12,내용12,5,2021/01/20 15:30:58,james07
202101190420311f11eab2468a4d28b4b19062129b217c,afads,11222,3,2021/01/19 04:20:27,asdfdsaf
202101190426443b84f7ad4ec3452585f58803cdfd1139,adsf,dsfasdfasdfsad,5,2021/01/20 15:30:51,dsfa
20210120182713694608bf50414b05b8449f380a8a6879,1,1,1,2021/01/20 18:27:02,1
2021012015453301e74ae0701d49feac845a0dd30bf0bf,제목,1234,2,2021/01/20 15:45:12,홍