<?xml version="1.0" encoding="UTF-8"?>
<beans xmlns="http://www.springframework.org/schema/beans"
	xmlns:xsi="http://www.w3.org/2001/XMLSchema-instance"
	xmlns:context="http://www.springframework.org/schema/context"
	xmlns:lang="http://www.springframework.org/schema/lang"
	xsi:schemaLocation="http://www.springframework.org/schema/beans http://www.springframework.org/schema/beans/spring-beans.xsd
		http://www.springframework.org/schema/context http://www.springframework.org/schema/context/spring-context-4.3.xsd
		http://www.springframework.org/schema/lang http://www.springframework.org/schema/lang/spring-lang-4.3.xsd">
<!-- 	Class.forName("oracle.jdbc.driver.OracleDriver");
		final  String DB_URL = "jdbc:oracle:thin:@211.238.142.124:1521:xe";
		final  String USER_ID = "SPRING";
		final  String USER_PASS = "eclass";		
		SimpleDriverDataSource   
 -->		
 	<!-- DataSource구형 class  SimpleDriverDataSource-->
    <bean id="dataSource" class="org.springframework.jdbc.datasource.SimpleDriverDataSource">
    	<property name="driverClass" value="oracle.jdbc.driver.OracleDriver"/>
    	<property name="url"         value="jdbc:oracle:thin:@211.238.142.124:1521:xe"/>
    	<property name="username"    value="SPRING"/>
    	<property name="password"    value="eclass"/>
    </bean>

	<bean id="userDao" class="com.sist.ehr.UserDao">
		<!-- setter통한 주입: name -->
		<!-- ref:param -->
		<property name="dataSource" ref="dataSource"/>
	</bean>
</beans>
